{
    "avg_prec": 0.4964783926486956,
    "roc_auc": 0.8927043318029919
}