{
    "metrics": {
        "loss": 0.6081295609474182,
        "accuracy": 0.8250995874404907,
        "val_loss": 0.39782747626304626,
        "val_accuracy": 0.893122673034668
    }
}