{
    "metrics": {
        "loss": 0.001661759801208973,
        "accuracy": 1.0,
        "val_loss": 0.0019307973561808467,
        "val_accuracy": 1.0
    }
}