{
    "metrics": {
        "loss": 0.4153585433959961,
        "accuracy": 0.8796812891960144,
        "val_loss": 0.23421315848827362,
        "val_accuracy": 0.9330855011940002
    }
}