epoch,loss,accuracy,val_loss,val_accuracy
0,3.0965957641601562,0.08446215093135834,2.6846423149108887,0.21561338007450104
1,1.7731348276138306,0.48127490282058716,0.9612808227539062,0.7165427803993225
2,0.6081295609474182,0.8250995874404907,0.39782747626304626,0.893122673034668
