epoch,loss,accuracy,val_loss,val_accuracy
0,2.8709959983825684,0.17549800872802734,1.8798586130142212,0.4632899761199951
1,1.2154911756515503,0.6468127369880676,0.6414778232574463,0.8113383054733276
2,0.4153585433959961,0.8796812891960144,0.23421315848827362,0.9330855011940002
