{
    "metrics": {
        "loss": 0.3786349892616272,
        "accuracy": 0.898354709148407
    }
}