{
    "metrics": {
        "loss": 0.23564493656158447,
        "accuracy": 0.9334913492202759
    }
}